{
	"inherit": "Alpha",
	"variables": [
	{
		"Name": "fontFamily",
		"Value": "-apple-system, HelveticaNeue, Helvetica-Neue, Roboto, Segoe UI, sans-serif "
	},
	{
		"Name": "foreColor",
		"Value": "#212121"
	},
	{
		"Name": "backColor",
		"Value": "#fff"
	},
	{
		"Name": "iconColor",
		"Value": "#212529"
	},
	{
		"Name": "headerForeColor",
		"Value": "#fff"
	},
	{
		"Name": "headerBackColor",
		"Value": "#FF9800"
	},
	{
		"Name": "panelLineColor",
		"Value": "#BDBDBD"
	},
	{
		"Name": "accentColor",
		"Value": "#ef7c07"
	},
	{
		"Name": "accentForeColor",
		"Value": "#fff"
	},
	{
		"Name": "altAccentColor",
		"Value": "#ffa94d"
	},
	{
		"Name": "altAccentForeColor",
		"Value": "#fff"
	},
	{
		"Name": "errorColor",
		"Value": "#f01c1c"
	},
	{
		"Name": "confirmColor",
		"Value": "#9cf015"
	},
	{
		"Name": "confirmForeColor",
		"Value": "#fff"
	},
	{
		"Name": "denyColor",
		"Value": "#ec0f0f"
	},
	{
		"Name": "denyForeColor",
		"Value": "#fff"
	},
	{
		"Name": "lockColor",
		"Value": "rgba(0,0,0,.1)"
	},
	{
		"Name": "btnShadow",
		"Value": "7px 7px 13px -6px rgba(0, 0, 0, 0.2)"
	}],
	"xsass": "$btnShadow:  7px 7px 13px -6px rgba(0, 0, 0, 0.2);  // *AA:Button|Shadow|box-shadow|Style of button shadow\n.button, .buttonDD, .buttonSplit { box-shadow: $btnShadow; }",
	"sass": "",
	"js": "",
	"subthemes": {
	}
}